epoch,step,batch_id,avg_cost,val_reward,lr,reinforce_loss,grad_norm,epoch_time
0,500,-1,0,3.422342538833618,0.0003,0,0,00:02:31
1,1000,-1,0,3.444182872772217,0.0003,0,0,00:05:29
2,1500,-1,0,3.3578906059265137,0.0003,0,0,00:05:33
3,2000,-1,0,3.318840742111206,0.0003,0,0,00:05:30
4,2500,-1,0,3.3161461353302,0.0003,0,0,00:05:28
5,3000,-1,0,3.2355823516845703,0.0003,0,0,00:05:30
6,3500,-1,0,3.1494667530059814,0.0003,0,0,00:05:30
7,4000,-1,0,3.086247444152832,0.0003,0,0,00:05:31
8,4500,-1,0,3.1126108169555664,0.0003,0,0,00:05:28
9,5000,-1,0,3.0410289764404297,0.0003,0,0,00:05:30
10,5500,-1,0,3.0602920055389404,0.0003,0,0,00:05:23
11,6000,-1,0,3.0087149143218994,0.0003,0,0,00:05:26
12,6500,-1,0,3.006429672241211,0.0003,0,0,00:05:24
13,7000,-1,0,2.9427289962768555,0.0003,0,0,00:05:26
14,7500,-1,0,2.9575719833374023,0.0003,0,0,00:05:24
15,8000,-1,0,3.012087345123291,0.0003,0,0,00:05:25
16,8500,-1,0,3.061296224594116,0.0003,0,0,00:05:25
17,9000,-1,0,2.893068790435791,0.0003,0,0,00:05:27
18,9500,-1,0,2.897061586380005,0.0003,0,0,00:05:25
19,10000,-1,0,2.8586342334747314,0.0003,0,0,00:05:27
20,10500,-1,0,2.8249311447143555,0.0003,0,0,00:05:25
21,11000,-1,0,2.8427791595458984,0.0003,0,0,00:05:24
22,11500,-1,0,2.904787540435791,0.0003,0,0,00:05:25
23,12000,-1,0,2.8306145668029785,0.0003,0,0,00:05:25
24,12500,-1,0,2.82909893989563,0.0003,0,0,00:05:26
25,13000,-1,0,2.8378348350524902,0.0003,0,0,00:05:27
26,13500,-1,0,2.8516712188720703,0.0003,0,0,00:05:25
27,14000,-1,0,2.8072197437286377,0.0003,0,0,00:05:27
28,14500,-1,0,2.9195287227630615,0.0003,0,0,00:05:25
29,15000,-1,0,2.815606117248535,0.0003,0,0,00:05:26
30,15500,-1,0,2.8410260677337646,0.0003,0,0,00:05:25
31,16000,-1,0,2.7924890518188477,0.0003,0,0,00:05:28
32,16500,-1,0,2.849269151687622,0.0003,0,0,00:05:26
33,17000,-1,0,2.8339154720306396,0.0003,0,0,00:05:26
34,17500,-1,0,2.77366304397583,0.0003,0,0,00:05:26
35,18000,-1,0,2.821249008178711,0.0003,0,0,00:05:25
36,18500,-1,0,2.7674524784088135,0.0003,0,0,00:05:27
37,19000,-1,0,2.784604549407959,0.0003,0,0,00:05:25
38,19500,-1,0,2.783395290374756,0.0003,0,0,00:05:25
39,20000,-1,0,2.8432490825653076,0.0003,0,0,00:05:25
40,20500,-1,0,2.7844834327697754,0.0003,0,0,00:05:26
41,21000,-1,0,2.774739980697632,0.0003,0,0,00:05:26
42,21500,-1,0,2.7870054244995117,0.0003,0,0,00:05:25
43,22000,-1,0,2.841153383255005,0.0003,0,0,00:05:25
44,22500,-1,0,2.7549099922180176,0.0003,0,0,00:05:25
45,23000,-1,0,2.787876605987549,0.0003,0,0,00:05:26
46,23500,-1,0,2.759828805923462,0.0003,0,0,00:05:25
47,24000,-1,0,2.7556052207946777,0.0003,0,0,00:05:25
48,24500,-1,0,2.7575855255126953,0.0003,0,0,00:05:29
49,25000,-1,0,2.753373146057129,0.0003,0,0,00:05:28
50,25500,-1,0,2.7447009086608887,0.0003,0,0,00:05:26
51,26000,-1,0,2.8383891582489014,0.0003,0,0,00:05:26
52,26500,-1,0,2.8240156173706055,0.0003,0,0,00:05:25
53,27000,-1,0,2.7936253547668457,0.0003,0,0,00:05:25
54,27500,-1,0,2.818857192993164,0.0003,0,0,00:05:25
55,28000,-1,0,2.776872158050537,0.0003,0,0,00:05:25
56,28500,-1,0,2.8064656257629395,0.0003,0,0,00:05:26
57,29000,-1,0,2.753410816192627,0.0003,0,0,00:05:25
58,29500,-1,0,2.7540111541748047,0.0003,0,0,00:05:28
59,30000,-1,0,2.8198297023773193,0.0003,0,0,00:05:26
60,30500,-1,0,2.74202299118042,0.0003,0,0,00:05:25
61,31000,-1,0,2.7155630588531494,0.0003,0,0,00:05:25
62,31500,-1,0,2.7559328079223633,0.0003,0,0,00:05:25
63,32000,-1,0,2.7053310871124268,0.0003,0,0,00:05:24
64,32500,-1,0,2.790498971939087,0.0003,0,0,00:05:25
65,33000,-1,0,2.7444615364074707,0.0003,0,0,00:05:25
66,33500,-1,0,2.7985339164733887,0.0003,0,0,00:05:26
67,34000,-1,0,2.716385841369629,0.0003,0,0,00:05:25
68,34500,-1,0,2.7792739868164062,0.0003,0,0,00:05:25
69,35000,-1,0,2.752030372619629,0.0003,0,0,00:05:25
70,35500,-1,0,2.7463512420654297,0.0003,0,0,00:05:25
71,36000,-1,0,2.700528144836426,0.0003,0,0,00:05:26
72,36500,-1,0,2.7209081649780273,0.0003,0,0,00:05:25
73,37000,-1,0,2.733128309249878,0.0003,0,0,00:05:26
74,37500,-1,0,2.689150810241699,0.0003,0,0,00:05:28
75,38000,-1,0,2.7294912338256836,0.0003,0,0,00:05:25
76,38500,-1,0,2.7738428115844727,0.0003,0,0,00:05:24
77,39000,-1,0,2.710721015930176,0.0003,0,0,00:05:25
78,39500,-1,0,2.710096836090088,0.0003,0,0,00:05:25
79,40000,-1,0,2.7685647010803223,0.0003,0,0,00:05:24
80,40500,-1,0,2.7019147872924805,0.0003,0,0,00:05:25
81,41000,-1,0,2.6748905181884766,0.0003,0,0,00:05:27
82,41500,-1,0,2.750523805618286,0.0003,0,0,00:05:26
83,42000,-1,0,2.674848794937134,0.0003,0,0,00:05:27
84,42500,-1,0,2.692110776901245,0.0003,0,0,00:05:26
85,43000,-1,0,2.704035997390747,0.0003,0,0,00:05:25
86,43500,-1,0,2.781327247619629,0.0003,0,0,00:05:25
87,44000,-1,0,2.7224409580230713,0.0003,0,0,00:05:25
88,44500,-1,0,2.702944278717041,0.0003,0,0,00:05:24
89,45000,-1,0,2.680999279022217,0.0003,0,0,00:05:26
90,45500,-1,0,2.714000701904297,0.0003,0,0,00:05:26
91,46000,-1,0,2.7031171321868896,0.0003,0,0,00:05:26
92,46500,-1,0,2.6816799640655518,0.0003,0,0,00:05:25
93,47000,-1,0,2.650103807449341,0.0003,0,0,00:05:28
94,47500,-1,0,2.6710433959960938,0.0003,0,0,00:05:26
95,48000,-1,0,2.675203800201416,0.0003,0,0,00:05:25
96,48500,-1,0,2.715757369995117,0.0003,0,0,00:05:25
97,49000,-1,0,2.737812042236328,0.0003,0,0,00:05:25
98,49500,-1,0,2.669536590576172,0.0003,0,0,00:05:25
99,50000,-1,0,2.6842002868652344,0.0003,0,0,00:05:26
100,50500,-1,0,2.6588563919067383,0.0003,0,0,00:05:25
101,51000,-1,0,2.6712918281555176,0.0003,0,0,00:05:25
102,51500,-1,0,2.7031595706939697,0.0003,0,0,00:05:25
103,52000,-1,0,2.677846670150757,0.0003,0,0,00:05:25
104,52500,-1,0,2.6627330780029297,0.0003,0,0,00:05:28
105,53000,-1,0,2.7203445434570312,0.0003,0,0,00:05:25
106,53500,-1,0,2.65840744972229,0.0003,0,0,00:05:25
107,54000,-1,0,2.743699789047241,0.0003,0,0,00:05:25
108,54500,-1,0,2.7159674167633057,0.0003,0,0,00:05:26
109,55000,-1,0,2.68898606300354,0.0003,0,0,00:05:25
110,55500,-1,0,2.6875760555267334,0.0003,0,0,00:05:25
111,56000,-1,0,2.682072401046753,0.0003,0,0,00:05:25
112,56500,-1,0,2.6639840602874756,0.0003,0,0,00:05:26
113,57000,-1,0,2.765143394470215,0.0003,0,0,00:05:25
114,57500,-1,0,2.673069715499878,0.0003,0,0,00:05:26
115,58000,-1,0,2.6935503482818604,0.0003,0,0,00:05:26
116,58500,-1,0,2.6698827743530273,0.0003,0,0,00:05:25
117,59000,-1,0,2.7519595623016357,0.0003,0,0,00:05:25
118,59500,-1,0,2.7046656608581543,0.0003,0,0,00:05:25
119,60000,-1,0,2.6694297790527344,0.0003,0,0,00:05:24
120,60500,-1,0,2.644618034362793,0.0003,0,0,00:05:24
121,61000,-1,0,2.7033700942993164,0.0003,0,0,00:05:25
122,61500,-1,0,2.7187912464141846,0.0003,0,0,00:05:26
123,62000,-1,0,2.6858420372009277,0.0003,0,0,00:05:25
124,62500,-1,0,2.7252960205078125,0.0003,0,0,00:05:25
125,63000,-1,0,2.656838893890381,0.0003,0,0,00:05:25
126,63500,-1,0,2.7772531509399414,0.0003,0,0,00:05:25
127,64000,-1,0,2.8373241424560547,0.0003,0,0,00:05:25
128,64500,-1,0,2.6918256282806396,0.0003,0,0,00:05:24
129,65000,-1,0,2.669799327850342,0.0003,0,0,00:05:24
130,65500,-1,0,2.71598744392395,0.0003,0,0,00:05:25
131,66000,-1,0,2.6910836696624756,0.0003,0,0,00:05:24
132,66500,-1,0,2.688962936401367,0.0003,0,0,00:05:26
133,67000,-1,0,2.8496556282043457,0.0003,0,0,00:05:26
134,67500,-1,0,2.6627235412597656,0.0003,0,0,00:05:25
135,68000,-1,0,2.7340238094329834,0.0003,0,0,00:05:26
136,68500,-1,0,2.707620859146118,0.0003,0,0,00:05:25
137,69000,-1,0,2.6718695163726807,0.0003,0,0,00:05:25
138,69500,-1,0,2.6880264282226562,0.0003,0,0,00:05:25
139,70000,-1,0,2.6659584045410156,0.0003,0,0,00:05:25
140,70500,-1,0,2.665208339691162,0.0003,0,0,00:05:26
141,71000,-1,0,2.834371566772461,0.0003,0,0,00:05:25
142,71500,-1,0,2.685184955596924,0.0003,0,0,00:05:25
143,72000,-1,0,2.6785526275634766,0.0003,0,0,00:05:25
144,72500,-1,0,2.657954454421997,0.0003,0,0,00:05:25
145,73000,-1,0,2.6539483070373535,0.0003,0,0,00:05:25
146,73500,-1,0,2.699854850769043,0.0003,0,0,00:05:25
147,74000,-1,0,2.656264543533325,0.0003,0,0,00:05:25
148,74500,-1,0,2.8336410522460938,0.0003,0,0,00:05:30
149,75000,-1,0,2.7400012016296387,0.0003,0,0,00:05:30
150,75500,-1,0,2.6496996879577637,0.0003,0,0,00:05:28
151,76000,-1,0,2.654280662536621,0.0003,0,0,00:05:39
152,76500,-1,0,2.674593448638916,0.0003,0,0,00:05:27
153,77000,-1,0,2.6687963008880615,0.0003,0,0,00:05:32
154,77500,-1,0,2.6940650939941406,0.0003,0,0,00:05:32
155,78000,-1,0,2.6504745483398438,0.0003,0,0,00:05:32
156,78500,-1,0,2.6674015522003174,0.0003,0,0,00:05:27
157,79000,-1,0,2.6854846477508545,0.0003,0,0,00:05:28
158,79500,-1,0,2.691523313522339,0.0003,0,0,00:05:27
159,80000,-1,0,2.79475474357605,0.0003,0,0,00:05:26
160,80500,-1,0,2.666440486907959,0.0003,0,0,00:05:26
161,81000,-1,0,2.694606304168701,0.0003,0,0,00:05:26
162,81500,-1,0,2.6907448768615723,0.0003,0,0,00:05:26
163,82000,-1,0,2.709073781967163,0.0003,0,0,00:05:26
164,82500,-1,0,2.655141830444336,0.0003,0,0,00:05:26
165,83000,-1,0,2.7658984661102295,0.0003,0,0,00:05:26
166,83500,-1,0,2.65826416015625,0.0003,0,0,00:05:27
167,84000,-1,0,2.7523880004882812,0.0003,0,0,00:05:27
168,84500,-1,0,2.6611311435699463,0.0003,0,0,00:05:27
169,85000,-1,0,2.8756766319274902,0.0003,0,0,00:05:26
170,85500,-1,0,2.6785738468170166,0.0003,0,0,00:05:26
171,86000,-1,0,2.6742053031921387,0.0003,0,0,00:05:26
172,86500,-1,0,2.703727960586548,0.0003,0,0,00:05:26
173,87000,-1,0,2.7027716636657715,0.0003,0,0,00:05:26
174,87500,-1,0,2.7258687019348145,0.0003,0,0,00:05:26
175,88000,-1,0,2.692750930786133,0.0003,0,0,00:05:02
176,88500,-1,0,2.689807415008545,0.0003,0,0,00:05:24
177,89000,-1,0,2.670246124267578,0.0003,0,0,00:05:25
178,89500,-1,0,2.7430613040924072,0.0003,0,0,00:05:24
179,90000,-1,0,2.712742328643799,0.0003,0,0,00:05:25
180,90500,-1,0,2.6777501106262207,0.0003,0,0,00:05:24
181,91000,-1,0,2.7140872478485107,0.0003,0,0,00:05:25
182,91500,-1,0,2.754728078842163,0.0003,0,0,00:05:25
183,92000,-1,0,2.7245473861694336,0.0003,0,0,00:05:25
184,92500,-1,0,2.6801133155822754,0.0003,0,0,00:05:25
185,93000,-1,0,2.798369884490967,0.0003,0,0,00:05:25
186,93500,-1,0,2.6775989532470703,0.0003,0,0,00:05:25
187,94000,-1,0,2.7086892127990723,0.0003,0,0,00:05:25
188,94500,-1,0,2.698902130126953,0.0003,0,0,00:05:24
189,95000,-1,0,2.7051596641540527,0.0003,0,0,00:05:25
190,95500,-1,0,2.7094829082489014,0.0003,0,0,00:05:25
191,96000,-1,0,2.704533338546753,0.0003,0,0,00:05:25
192,96500,-1,0,2.67724871635437,0.0003,0,0,00:05:25
193,97000,-1,0,2.692788600921631,0.0003,0,0,00:05:24
194,97500,-1,0,2.6743125915527344,0.0003,0,0,00:05:26
195,98000,-1,0,2.7103140354156494,0.0003,0,0,00:05:24
196,98500,-1,0,2.653825283050537,0.0003,0,0,00:05:25
197,99000,-1,0,2.6792004108428955,0.0003,0,0,00:05:25
198,99500,-1,0,2.663114547729492,0.0003,0,0,00:05:25
199,100000,-1,0,2.7484428882598877,0.0003,0,0,00:05:25
200,100500,-1,0,2.7607970237731934,0.0003,0,0,00:05:24
201,101000,-1,0,2.6769559383392334,0.0003,0,0,00:05:25
202,101500,-1,0,2.6597471237182617,0.0003,0,0,00:05:24
203,102000,-1,0,2.667975425720215,0.0003,0,0,00:05:23
204,102500,-1,0,2.6876325607299805,0.0003,0,0,00:05:24
205,103000,-1,0,2.6587181091308594,0.0003,0,0,00:05:24
206,103500,-1,0,2.685896873474121,0.0003,0,0,00:05:25
207,104000,-1,0,2.6713356971740723,0.0003,0,0,00:05:26
208,104500,-1,0,2.6821675300598145,0.0003,0,0,00:05:24
209,105000,-1,0,2.688067674636841,0.0003,0,0,00:05:23
210,105500,-1,0,2.66694712638855,0.0003,0,0,00:05:24
211,106000,-1,0,2.677271842956543,0.0003,0,0,00:05:24
212,106500,-1,0,2.694375514984131,0.0003,0,0,00:05:23
213,107000,-1,0,2.6556315422058105,0.0003,0,0,00:05:24
214,107500,-1,0,2.6761929988861084,0.0003,0,0,00:05:24
215,108000,-1,0,2.7270162105560303,0.0003,0,0,00:05:25
216,108500,-1,0,2.7295053005218506,0.0003,0,0,00:05:25
217,109000,-1,0,2.7232556343078613,0.0003,0,0,00:05:28
218,109500,-1,0,2.6815242767333984,0.0003,0,0,00:05:37
219,110000,-1,0,2.679169178009033,0.0003,0,0,00:05:38
220,110500,-1,0,2.681344985961914,0.0003,0,0,00:05:35
221,111000,-1,0,2.698430299758911,0.0003,0,0,00:05:32
222,111500,-1,0,2.6627488136291504,0.0003,0,0,00:05:35
223,112000,-1,0,2.6616039276123047,0.0003,0,0,00:05:36
224,112500,-1,0,2.6572482585906982,0.0003,0,0,00:05:35
225,113000,-1,0,2.7160439491271973,0.0003,0,0,00:05:33
226,113500,-1,0,2.6706833839416504,0.0003,0,0,00:05:32
227,114000,-1,0,2.682873249053955,0.0003,0,0,00:05:33
228,114500,-1,0,2.701064109802246,0.0003,0,0,00:05:32
229,115000,-1,0,2.660413980484009,0.0003,0,0,00:05:27
230,115500,-1,0,2.7478585243225098,0.0003,0,0,00:05:28
231,116000,-1,0,2.674063205718994,0.0003,0,0,00:05:28
232,116500,-1,0,2.724128246307373,0.0003,0,0,00:05:28
233,117000,-1,0,2.678403854370117,0.0003,0,0,00:05:28
234,117500,-1,0,2.7290427684783936,0.0003,0,0,00:05:27
235,118000,-1,0,2.7012650966644287,0.0003,0,0,00:05:28
236,118500,-1,0,2.6631228923797607,0.0003,0,0,00:05:27
237,119000,-1,0,2.6944611072540283,0.0003,0,0,00:05:28
238,119500,-1,0,2.6738438606262207,0.0003,0,0,00:05:28
239,120000,-1,0,2.689419746398926,0.0003,0,0,00:05:29
240,120500,-1,0,2.6611521244049072,0.0003,0,0,00:05:28
241,121000,-1,0,2.723205327987671,0.0003,0,0,00:05:27
242,121500,-1,0,2.6622517108917236,0.0003,0,0,00:05:28
243,122000,-1,0,2.6664505004882812,0.0003,0,0,00:05:27
244,122500,-1,0,2.6532208919525146,0.0003,0,0,00:05:30
245,123000,-1,0,2.6740598678588867,0.0003,0,0,00:05:27
246,123500,-1,0,2.6536970138549805,0.0003,0,0,00:05:27
247,124000,-1,0,2.659093141555786,0.0003,0,0,00:05:28
248,124500,-1,0,2.6768579483032227,0.0003,0,0,00:05:28
249,125000,-1,0,2.6591756343841553,0.0003,0,0,00:05:27
