{
 "problem": "nesting",
 "graph_size": 80,
 "batch_size": 128,
 "epoch_size": 128000,
 "val_size": 10000,
 "val_dataset": null,
 "case": 2,
 "model": "attention",
 "embedding_dim": 128,
 "hidden_dim": 128,
 "n_encode_layers": 4,
 "tanh_clipping": 10.0,
 "normalization": "batch",
 "lr_model": 0.0001,
 "lr_critic": 0.0001,
 "lr_decay": 1.0,
 "eval_only": false,
 "n_epochs": 100,
 "seed": 1234,
 "max_grad_norm": 1.0,
 "no_cuda": false,
 "exp_beta": 0.8,
 "baseline": "rollout",
 "bl_alpha": 0.05,
 "bl_warmup_epochs": 1,
 "eval_batch_size": 1024,
 "checkpoint_encoder": false,
 "shrink_size": null,
 "data_distribution": null,
 "log_step": 50,
 "log_dir": "/root/logs/",
 "run_name": "run_20241224T163034",
 "output_dir": "/root/outputs/",
 "epoch_start": 0,
 "checkpoint_epochs": 1,
 "load_path": null,
 "resume": null,
 "no_vessl": false,
 "no_tensorboard": false,
 "no_progress_bar": false,
 "use_cuda": true,
 "save_dir": "/root/outputs/nesting_80/run_20241224T163034"
}